,mouse,day,session,filepath
0,1,1,openfield,Junji/Data/2021cohort1/openfield/M1_D1_2021-01-11_14-56-02
1,1,1,vr,Junji/Data/2021cohort1/vr/M1_D1_2021-01-11_14-01-52
2,1,2,openfield,Junji/Data/2021cohort1/openfield/M1_D2_2021-01-12_14-12-09
3,1,2,vr,Junji/Data/2021cohort1/vr/M1_D2_2021-01-12_13-28-48
4,1,3,openfield,Junji/Data/2021cohort1/openfield/M1_D3_2021-01-13_14-07-32
5,1,3,vr,Junji/Data/2021cohort1/vr/M1_D3_2021-01-13_13-26-37
6,1,4,openfield,Junji/Data/2021cohort1/openfield/M1_D4_2021-01-14_14-09-29
7,1,4,vr,Junji/Data/2021cohort1/vr/M1_D4_2021-01-14_13-25-18
8,1,5,openfield,Junji/Data/2021cohort1/openfield/M1_D5_2021-01-15_14-09-59
9,1,5,vr,Junji/Data/2021cohort1/vr/M1_D5_2021-01-15_13-28-24
10,1,6,openfield,Junji/Data/2021cohort1/openfield/M1_D6_2021-01-18_14-15-24
11,1,6,vr,Junji/Data/2021cohort1/vr/M1_D6_2021-01-18_13-31-55
12,1,7,openfield,Junji/Data/2021cohort1/openfield/M1_D7_2021-01-19_14-10-12
13,1,7,vr,Junji/Data/2021cohort1/vr/M1_D7_2021-01-19_13-32-57
14,1,8,openfield,Junji/Data/2021cohort1/openfield/M1_D8_2021-01-20_13-54-30
15,1,8,vr,Junji/Data/2021cohort1/vr/M1_D8_2021-01-20_13-17-20
16,1,9,openfield,Junji/Data/2021cohort1/openfield/M1_D9_2021-01-21_14-01-47
17,1,9,vr,Junji/Data/2021cohort1/vr/M1_D9_2021-01-21_13-25-15
18,1,10,openfield,Junji/Data/2021cohort1/openfield/M1_D10_2021-01-22_14-17-57
19,1,10,vr,Junji/Data/2021cohort1/vr/M1_D10_2021-01-22_13-37-30
20,1,11,openfield,Junji/Data/2021cohort1/openfield/M1_D11_2021-01-25_14-11-13
21,1,11,vr,Junji/Data/2021cohort1/vr/M1_D11_2021-01-25_13-30-53
22,1,12,openfield,Junji/Data/2021cohort1/openfield/M1_D12_2021-01-26_14-15-53
23,1,12,vr,Junji/Data/2021cohort1/vr/M1_D12_2021-01-26_13-33-08
24,1,13,openfield,Junji/Data/2021cohort1/openfield/M1_D13_2021-01-27_14-09-15
25,1,13,vr,Junji/Data/2021cohort1/vr/M1_D13_2021-01-27_13-31-37
26,1,14,openfield,Junji/Data/2021cohort1/openfield/M1_D14_2021-01-28_14-15-08
27,1,14,vr,Junji/Data/2021cohort1/vr/M1_D14_2021-01-28_13-36-41
28,1,15,openfield,Junji/Data/2021cohort1/openfield/M1_D15_2021-01-29_14-08-23
29,1,15,vr,Junji/Data/2021cohort1/vr/M1_D15_2021-01-29_13-29-10
30,1,16,openfield,Junji/Data/2021cohort1/openfield/M1_D16_2021-02-01_14-17-58
31,1,16,vr,Junji/Data/2021cohort1/vr/M1_D16_2021-02-01_13-39-34
32,1,17,openfield,Junji/Data/2021cohort1/openfield/M1_D17_2021-02-02_14-04-44
33,1,17,vr,Junji/Data/2021cohort1/vr/M1_D17_2021-02-02_13-26-02
34,1,18,openfield,Junji/Data/2021cohort1/openfield/M1_D18_2021-02-03_14-06-47
35,1,18,vr,Junji/Data/2021cohort1/vr/M1_D18_2021-02-03_13-29-24
36,1,19,openfield,Junji/Data/2021cohort1/openfield/M1_D19_2021-02-04_14-29-45
37,1,19,vr,Junji/Data/2021cohort1/vr/M1_D19_2021-02-04_13-53-05
38,1,20,openfield,Junji/Data/2021cohort1/openfield/M1_D20_2021-02-05_14-07-01
39,1,20,vr,Junji/Data/2021cohort1/vr/M1_D20_2021-02-05_13-28-39
40,1,21,openfield,Junji/Data/2021cohort1/openfield/M1_D21_2021-02-08_14-12-15
41,1,21,vr,Junji/Data/2021cohort1/vr/M1_D21_2021-02-08_13-34-38
42,1,22,openfield,Junji/Data/2021cohort1/openfield/M1_D22_2021-02-09_14-02-02
43,1,22,vr,Junji/Data/2021cohort1/vr/M1_D22_2021-02-09_13-23-43
44,1,23,openfield,Junji/Data/2021cohort1/openfield/M1_D23_2021-02-12_14-10-41
45,1,23,vr,Junji/Data/2021cohort1/vr/M1_D23_2021-02-12_13-33-21
46,1,24,openfield,Junji/Data/2021cohort1/openfield/M1_D24_2021-02-13_14-41-34
47,1,24,vr,Junji/Data/2021cohort1/vr/M1_D24_2021-02-13_14-04-14
48,1,25,openfield,Junji/Data/2021cohort1/openfield/M1_D25_2021-02-14_14-44-41
49,1,25,vr,Junji/Data/2021cohort1/vr/M1_D25_2021-02-14_14-06-35
50,1,26,openfield,Junji/Data/2021cohort1/openfield/M1_D26_2021-02-15_14-06-31
51,1,26,vr,Junji/Data/2021cohort1/vr/M1_D26_2021-02-15_13-27-50
52,1,27,openfield,Junji/Data/2021cohort1/openfield/M1_D27_2021-02-16_14-29-33
53,1,27,vr,Junji/Data/2021cohort1/vr/M1_D27_2021-02-16_13-51-23
54,1,28,openfield,Junji/Data/2021cohort1/openfield/M1_D28_2021-02-17_14-10-56
55,1,28,vr,Junji/Data/2021cohort1/vr/M1_D28_2021-02-17_13-32-59
56,1,29,openfield,Junji/Data/2021cohort1/openfield/M1_D29_2021-02-18_14-59-40
57,1,29,vr,Junji/Data/2021cohort1/vr/M1_D29_2021-02-18_14-21-30
58,1,30,openfield,Junji/Data/2021cohort1/openfield/M1_D30_2021-02-19_14-42-16
59,1,30,vr,Junji/Data/2021cohort1/vr/M1_D30_2021-02-19_14-07-10
60,1,31,openfield,Junji/Data/2021cohort1/openfield/M1_D31_2021-02-22_15-00-42
61,1,31,vr,Junji/Data/2021cohort1/vr/M1_D31_2021-02-22_14-18-34
62,1,32,openfield,Junji/Data/2021cohort1/openfield/M1_D32_2021-02-23_14-39-42
63,1,32,vr,Junji/Data/2021cohort1/vr/M1_D32_2021-02-23_14-02-51
64,1,33,openfield,Junji/Data/2021cohort1/openfield/M1_D33_2021-02-24_14-49-03
65,1,33,vr,Junji/Data/2021cohort1/vr/M1_D33_2021-02-24_14-13-38
66,1,34,openfield,Junji/Data/2021cohort1/openfield/M1_D34_2021-02-25_15-08-43
67,1,34,vr,Junji/Data/2021cohort1/vr/M1_D34_2021-02-25_14-25-11
68,1,35,openfield,Junji/Data/2021cohort1/openfield/M1_D35_2021-02-26_14-45-10
69,1,35,vr,Junji/Data/2021cohort1/vr/M1_D35_2021-02-26_14-09-24
70,1,36,openfield,Junji/Data/2021cohort1/openfield/M1_D36_2021-03-01_14-51-11
71,1,36,vr,Junji/Data/2021cohort1/vr/M1_D36_2021-03-01_14-15-05
72,1,37,openfield,Junji/Data/2021cohort1/openfield/M1_D37_2021-03-02_17-44-30
73,1,37,vr,Junji/Data/2021cohort1/vr/M1_D37_2021-03-02_17-08-30
74,1,38,openfield,Junji/Data/2021cohort1/openfield/M1_D38_2021-03-03_14-58-31
75,1,38,vr,Junji/Data/2021cohort1/vr/M1_D38_2021-03-03_14-20-16
76,1,39,openfield,Junji/Data/2021cohort1/openfield/M1_D39_2021-03-04_15-12-32
77,1,39,vr,Junji/Data/2021cohort1/vr/M1_D39_2021-03-04_14-37-08
78,1,40,openfield,Junji/Data/2021cohort1/openfield/M1_D40_2021-03-05_14-50-50
79,1,40,vr,Junji/Data/2021cohort1/vr/M1_D40_2021-03-05_14-15-49
80,2,1,openfield,Junji/Data/2021cohort1/openfield/M2_D1_2021-01-11_15-35-47
81,2,1,vr,Junji/Data/2021cohort1/vr/M2_D1_2021-01-11_14-37-01
82,2,2,openfield,Junji/Data/2021cohort1/openfield/M2_D2_2021-01-12_15-52-30
83,2,2,vr,Junji/Data/2021cohort1/vr/M2_D2_2021-01-12_14-06-10
84,2,3,openfield,Junji/Data/2021cohort1/openfield/M2_D3_2021-01-13_14-43-49
85,2,3,vr,Junji/Data/2021cohort1/vr/M2_D3_2021-01-13_14-01-13
86,2,4,openfield,Junji/Data/2021cohort1/openfield/M2_D4_2021-01-14_14-43-59
87,2,5,vr,Junji/Data/2021cohort1/vr/M2_D5_2021-01-15_14-06-43
88,2,6,openfield,Junji/Data/2021cohort1/openfield/M2_D6_2021-01-18_15-00-53
89,2,6,vr,Junji/Data/2021cohort1/vr/M2_D6_2021-01-18_14-08-34
90,2,7,openfield,Junji/Data/2021cohort1/openfield/M2_D7_2021-01-19_15-02-25
91,2,8,openfield,Junji/Data/2021cohort1/openfield/M2_D8_2021-01-20_14-28-24
92,2,8,vr,Junji/Data/2021cohort1/vr/M2_D8_2021-01-20_13-51-11
93,2,9,openfield,Junji/Data/2021cohort1/openfield/M2_D9_2021-01-21_14-35-07
94,2,9,vr,Junji/Data/2021cohort1/vr/M2_D9_2021-01-21_13-59-21
95,2,10,openfield,Junji/Data/2021cohort1/openfield/M2_D10_2021-01-22_14-52-28
96,2,10,vr,Junji/Data/2021cohort1/vr/M2_D10_2021-01-22_14-13-01
97,2,11,openfield,Junji/Data/2021cohort1/openfield/M2_D11_2021-01-25_14-52-08
98,2,11,vr,Junji/Data/2021cohort1/vr/M2_D11_2021-01-25_14-12-36
99,2,12,openfield,Junji/Data/2021cohort1/openfield/M2_D12_2021-01-26_14-54-54
100,2,12,vr,Junji/Data/2021cohort1/vr/M2_D12_2021-01-26_14-12-27
101,2,13,openfield,Junji/Data/2021cohort1/openfield/M2_D13_2021-01-27_14-47-14
102,2,13,vr,Junji/Data/2021cohort1/vr/M2_D13_2021-01-27_14-06-25
103,2,14,openfield,Junji/Data/2021cohort1/openfield/M2_D14_2021-01-28_14-53-34
104,2,14,vr,Junji/Data/2021cohort1/vr/M2_D14_2021-01-28_14-12-05
105,2,15,openfield,Junji/Data/2021cohort1/openfield/M2_D15_2021-01-29_14-42-01
106,2,15,vr,Junji/Data/2021cohort1/vr/M2_D15_2021-01-29_14-05-46
107,2,16,openfield,Junji/Data/2021cohort1/openfield/M2_D16_2021-02-01_14-53-20
108,2,16,vr,Junji/Data/2021cohort1/vr/M2_D16_2021-02-01_14-14-02
109,2,17,openfield,Junji/Data/2021cohort1/openfield/M2_D17_2021-02-02_14-37-58
110,2,17,vr,Junji/Data/2021cohort1/vr/M2_D17_2021-02-02_14-00-44
111,2,18,openfield,Junji/Data/2021cohort1/openfield/M2_D18_2021-02-03_14-43-31
112,2,18,vr,Junji/Data/2021cohort1/vr/M2_D18_2021-02-03_14-03-12
113,2,19,openfield,Junji/Data/2021cohort1/openfield/M2_D19_2021-02-04_15-03-54
114,2,19,vr,Junji/Data/2021cohort1/vr/M2_D19_2021-02-04_14-26-56
115,2,20,openfield,Junji/Data/2021cohort1/openfield/M2_D20_2021-02-05_14-39-38
116,2,20,vr,Junji/Data/2021cohort1/vr/M2_D20_2021-02-05_14-04-06
117,2,21,openfield,Junji/Data/2021cohort1/openfield/M2_D21_2021-02-08_14-44-35
118,2,21,vr,Junji/Data/2021cohort1/vr/M2_D21_2021-02-08_14-09-54
119,2,22,openfield,Junji/Data/2021cohort1/openfield/M2_D22_2021-02-09_14-34-38
120,2,22,vr,Junji/Data/2021cohort1/vr/M2_D22_2021-02-09_13-58-34
121,2,23,openfield,Junji/Data/2021cohort1/openfield/M2_D23_2021-02-12_14-42-43
122,2,23,vr,Junji/Data/2021cohort1/vr/M2_D23_2021-02-12_14-06-52
123,2,24,openfield,Junji/Data/2021cohort1/openfield/M2_D24_2021-02-13_15-16-05
124,2,24,vr,Junji/Data/2021cohort1/vr/M2_D24_2021-02-13_14-39-20
125,2,25,openfield,Junji/Data/2021cohort1/openfield/M2_D25_2021-02-14_15-17-15
126,2,25,vr,Junji/Data/2021cohort1/vr/M2_D25_2021-02-14_14-39-56
127,2,26,openfield,Junji/Data/2021cohort1/openfield/M2_D26_2021-02-15_14-39-37
128,2,26,vr,Junji/Data/2021cohort1/vr/M2_D26_2021-02-15_14-02-34
129,2,27,openfield,Junji/Data/2021cohort1/openfield/M2_D27_2021-02-16_15-07-14
130,2,27,vr,Junji/Data/2021cohort1/vr/M2_D27_2021-02-16_14-26-20
131,2,28,openfield,Junji/Data/2021cohort1/openfield/M2_D28_2021-02-17_14-44-08
132,2,28,vr,Junji/Data/2021cohort1/vr/M2_D28_2021-02-17_14-07-33
133,2,29,openfield,Junji/Data/2021cohort1/openfield/M2_D29_2021-02-18_14-26-36
134,2,29,vr,Junji/Data/2021cohort1/vr/M2_D29_2021-02-18_13-47-49
135,2,30,openfield,Junji/Data/2021cohort1/openfield/M2_D30_2021-02-19_14-09-16
136,2,30,vr,Junji/Data/2021cohort1/vr/M2_D30_2021-02-19_13-34-08
137,2,31,openfield,Junji/Data/2021cohort1/openfield/M2_D31_2021-02-22_14-21-25
138,2,31,vr,Junji/Data/2021cohort1/vr/M2_D31_2021-02-22_13-37-11
139,2,32,openfield,Junji/Data/2021cohort1/openfield/M2_D32_2021-02-23_14-06-25
140,2,32,vr,Junji/Data/2021cohort1/vr/M2_D32_2021-02-23_13-30-03
141,2,33,openfield,Junji/Data/2021cohort1/openfield/M2_D33_2021-02-24_14-15-38
142,2,33,vr,Junji/Data/2021cohort1/vr/M2_D33_2021-02-24_13-39-55
143,2,34,openfield,Junji/Data/2021cohort1/openfield/M2_D34_2021-02-25_14-27-46
144,2,34,vr,Junji/Data/2021cohort1/vr/M2_D34_2021-02-25_13-53-40
145,2,35,openfield,Junji/Data/2021cohort1/openfield/M2_D35_2021-02-26_14-12-11
146,2,35,vr,Junji/Data/2021cohort1/vr/M2_D35_2021-02-26_13-36-58
147,2,36,openfield,Junji/Data/2021cohort1/openfield/M2_D36_2021-03-01_14-17-19
148,2,36,vr,Junji/Data/2021cohort1/vr/M2_D36_2021-03-01_13-41-34
149,2,37,openfield,Junji/Data/2021cohort1/openfield/M2_D37_2021-03-02_17-11-31
150,2,38,openfield,Junji/Data/2021cohort1/openfield/M2_D38_2021-03-03_14-22-38
151,2,38,vr,Junji/Data/2021cohort1/vr/M2_D38_2021-03-03_13-47-22
152,2,39,openfield,Junji/Data/2021cohort1/openfield/M2_D39_2021-03-04_14-40-06
153,2,39,vr,Junji/Data/2021cohort1/vr/M2_D39_2021-03-04_14-03-07
154,2,40,openfield,Junji/Data/2021cohort1/openfield/M2_D40_2021-03-05_14-17-43
155,2,40,vr,Junji/Data/2021cohort1/vr/M2_D40_2021-03-05_13-43-03
156,3,1,openfield,Junji/Data/2021cohort2/openfield/M3_D1_2021-09-27_15-40-38
157,3,1,vr,Junji/Data/2021cohort2/vr/M3_D1_2021-09-27_15-00-30
158,3,2,openfield,Junji/Data/2021cohort2/openfield/M3_D2_2021-09-28_15-26-58
159,3,2,vr,Junji/Data/2021cohort2/vr/M3_D2_2021-09-28_14-47-53
160,3,3,openfield,Junji/Data/2021cohort2/openfield/M3_D3_2021-09-29_15-30-01
161,3,3,vr,Junji/Data/2021cohort2/vr/M3_D3_2021-09-29_14-54-16
162,3,4,openfield,Junji/Data/2021cohort2/openfield/M3_D4_2021-09-30_15-40-36
163,3,4,vr,Junji/Data/2021cohort2/vr/M3_D4_2021-09-30_14-58-31
164,3,5,openfield,Junji/Data/2021cohort2/openfield/M3_D5_2021-10-01_15-37-41
165,3,5,vr,Junji/Data/2021cohort2/vr/M3_D5_2021-10-01_15-02-27
166,3,6,openfield,Junji/Data/2021cohort2/openfield/M3_D6_2021-10-04_15-38-30
167,3,6,vr,Junji/Data/2021cohort2/vr/M3_D6_2021-10-04_15-00-56
168,3,7,openfield,Junji/Data/2021cohort2/openfield/M3_D7_2021-10-05_15-54-20
169,3,7,vr,Junji/Data/2021cohort2/vr/M3_D7_2021-10-05_15-19-22
170,3,8,openfield,Junji/Data/2021cohort2/openfield/M3_D8_2021-10-06_15-41-08
171,3,8,vr,Junji/Data/2021cohort2/vr/M3_D8_2021-10-06_15-06-27
172,3,9,openfield,Junji/Data/2021cohort2/openfield/M3_D9_2021-10-07_15-40-32
173,3,9,vr,Junji/Data/2021cohort2/vr/M3_D9_2021-10-07_15-05-47
174,3,10,openfield,Junji/Data/2021cohort2/openfield/M3_D10_2021-10-08_15-41-14
175,3,10,vr,Junji/Data/2021cohort2/vr/M3_D10_2021-10-08_15-06-53
176,3,11,openfield,Junji/Data/2021cohort2/openfield/M3_D11_2021-10-11_15-45-23
177,3,11,vr,Junji/Data/2021cohort2/vr/M3_D11_2021-10-11_15-09-43
178,3,12,openfield,Junji/Data/2021cohort2/openfield/M3_D12_2021-10-12_15-44-36
179,3,12,vr,Junji/Data/2021cohort2/vr/M3_D12_2021-10-12_15-09-30
180,3,13,openfield,Junji/Data/2021cohort2/openfield/M3_D13_2021-10-13_16-24-54
181,3,13,vr,Junji/Data/2021cohort2/vr/M3_D13_2021-10-13_15-48-46
182,3,14,openfield,Junji/Data/2021cohort2/openfield/M3_D14_2021-10-14_16-19-10
183,3,14,vr,Junji/Data/2021cohort2/vr/M3_D14_2021-10-14_15-44-21
184,3,15,openfield,Junji/Data/2021cohort2/openfield/M3_D15_2021-10-15_16-15-24
185,3,15,vr,Junji/Data/2021cohort2/vr/M3_D15_2021-10-15_15-39-41
186,3,16,openfield,Junji/Data/2021cohort2/openfield/M3_D16_2021-10-19_16-30-20
187,3,16,vr,Junji/Data/2021cohort2/vr/M3_D16_2021-10-19_15-51-24
188,3,17,openfield,Junji/Data/2021cohort2/openfield/M3_D17_2021-10-20_16-16-26
189,3,17,vr,Junji/Data/2021cohort2/vr/M3_D17_2021-10-20_15-40-33
190,3,18,openfield,Junji/Data/2021cohort2/openfield/M3_D18_2021-10-21_16-10-23
191,3,18,vr,Junji/Data/2021cohort2/vr/M3_D18_2021-10-21_15-32-32
192,3,19,openfield,Junji/Data/2021cohort2/openfield/M3_D19_2021-10-22_15-16-42
193,3,19,vr,Junji/Data/2021cohort2/vr/M3_D19_2021-10-22_14-39-54
194,3,20,openfield,Junji/Data/2021cohort2/openfield/M3_D20_2021-10-27_15-32-47
195,3,20,vr,Junji/Data/2021cohort2/vr/M3_D20_2021-10-27_14-56-42
196,3,21,openfield,Junji/Data/2021cohort2/openfield/M3_D21_2021-10-28_16-16-17
197,3,21,vr,Junji/Data/2021cohort2/vr/M3_D21_2021-10-28_15-40-13
198,3,22,openfield,Junji/Data/2021cohort2/openfield/M3_D22_2021-10-29_15-48-42
199,3,22,vr,Junji/Data/2021cohort2/vr/M3_D22_2021-10-29_15-12-51
200,3,23,openfield,Junji/Data/2021cohort2/openfield/M3_D23_2021-11-01_15-25-49
201,3,23,vr,Junji/Data/2021cohort2/vr/M3_D23_2021-11-01_14-50-45
202,3,24,openfield,Junji/Data/2021cohort2/openfield/M3_D24_2021-11-02_16-01-32
203,3,24,vr,Junji/Data/2021cohort2/vr/M3_D24_2021-11-02_15-27-11
204,3,25,openfield,Junji/Data/2021cohort2/openfield/M3_D25_2021-11-03_15-56-47
205,3,25,vr,Junji/Data/2021cohort2/vr/M3_D25_2021-11-03_15-21-04
206,3,26,openfield,Junji/Data/2021cohort2/openfield/M3_D26_2021-11-04_15-58-22
207,3,26,vr,Junji/Data/2021cohort2/vr/M3_D26_2021-11-04_15-22-38
208,3,27,openfield,Junji/Data/2021cohort2/openfield/M3_D27_2021-11-05_16-50-17
209,3,27,vr,Junji/Data/2021cohort2/vr/M3_D27_2021-11-05_16-14-27
210,3,28,openfield,Junji/Data/2021cohort2/openfield/M3_D28_2021-11-08_15-47-53
211,3,28,vr,Junji/Data/2021cohort2/vr/M3_D28_2021-11-08_15-12-16
212,3,29,openfield,Junji/Data/2021cohort2/openfield/M3_D29_2021-11-15_15-02-12
213,3,29,vr,Junji/Data/2021cohort2/vr/M3_D29_2021-11-15_14-27-05
214,3,30,openfield,Junji/Data/2021cohort2/openfield/M3_D30_2021-11-16_15-07-19
215,3,30,vr,Junji/Data/2021cohort2/vr/M3_D30_2021-11-16_14-30-17
216,3,31,openfield,Junji/Data/2021cohort2/openfield/M3_D31_2021-11-17_16-27-48
217,3,31,vr,Junji/Data/2021cohort2/vr/M3_D31_2021-11-17_15-51-42
218,3,32,openfield,Junji/Data/2021cohort2/openfield/M3_D32_2021-11-18_15-22-52
219,3,32,vr,Junji/Data/2021cohort2/vr/M3_D32_2021-11-18_14-47-06
220,3,33,openfield,Junji/Data/2021cohort2/openfield/M3_D33_2021-11-19_15-56-15
221,3,33,vr,Junji/Data/2021cohort2/vr/M3_D33_2021-11-19_15-21-14
222,3,34,openfield,Junji/Data/2021cohort2/openfield/M3_D34_2021-11-22_16-20-12
223,3,34,vr,Junji/Data/2021cohort2/vr/M3_D34_2021-11-22_15-44-57
224,3,35,openfield,Junji/Data/2021cohort2/openfield/M3_D35_2021-11-23_17-26-18
225,3,35,vr,Junji/Data/2021cohort2/vr/M3_D35_2021-11-23_16-51-42
226,3,36,openfield,Junji/Data/2021cohort2/openfield/M3_D36_2021-11-24_16-12-23
227,3,36,vr,Junji/Data/2021cohort2/vr/M3_D36_2021-11-24_15-36-56
228,3,37,openfield,Junji/Data/2021cohort2/openfield/M3_D37_2021-11-25_15-45-57
229,3,37,vr,Junji/Data/2021cohort2/vr/M3_D37_2021-11-25_15-10-19
230,3,38,openfield,Junji/Data/2021cohort2/openfield/M3_D38_2021-11-26_15-49-49
231,3,38,vr,Junji/Data/2021cohort2/vr/M3_D38_2021-11-26_15-20-20
232,3,39,openfield,Junji/Data/2021cohort2/openfield/M3_D39_2021-11-29_14-43-57
233,3,39,vr,Junji/Data/2021cohort2/vr/M3_D39_2021-11-29_14-10-20
234,3,40,openfield,Junji/Data/2021cohort2/openfield/M3_D40_2021-11-30_15-25-11
235,3,40,vr,Junji/Data/2021cohort2/vr/M3_D40_2021-11-30_14-43-37
236,3,41,openfield,Junji/Data/2021cohort2/openfield/M3_D41_2021-12-01_14-46-23
237,3,41,vr,Junji/Data/2021cohort2/vr/M3_D41_2021-12-01_14-10-11
238,3,42,openfield,Junji/Data/2021cohort2/openfield/M3_D42_2021-12-02_16-11-15
239,3,42,vr,Junji/Data/2021cohort2/vr/M3_D42_2021-12-02_15-35-41
240,3,43,openfield,Junji/Data/2021cohort2/openfield/M3_D43_2021-12-03_16-41-04
241,3,43,vr,Junji/Data/2021cohort2/vr/M3_D43_2021-12-03_16-05-04
242,3,44,openfield,Junji/Data/2021cohort2/openfield/M3_D44_2021-12-06_16-10-29
243,3,44,vr,Junji/Data/2021cohort2/vr/M3_D44_2021-12-06_15-34-55
244,3,45,openfield,Junji/Data/2021cohort2/openfield/M3_D45_2021-12-07_16-05-04
245,3,45,vr,Junji/Data/2021cohort2/vr/M3_D45_2021-12-07_15-29-26
246,3,46,openfield,Junji/Data/2021cohort2/openfield/M3_D46_2021-12-08_15-16-30
247,3,46,vr,Junji/Data/2021cohort2/vr/M3_D46_2021-12-08_14-42-27
248,3,47,openfield,Junji/Data/2021cohort2/openfield/M3_D47_2021-12-09_15-06-44
249,3,47,vr,Junji/Data/2021cohort2/vr/M3_D47_2021-12-09_14-31-14
250,3,48,openfield,Junji/Data/2021cohort2/openfield/M3_D48_2021-12-10_15-41-05
251,3,48,vr,Junji/Data/2021cohort2/vr/M3_D48_2021-12-10_15-05-14
252,4,1,openfield,Junji/Data/2021cohort2/openfield/M4_D1_2021-09-27_16-18-34
253,4,1,vr,Junji/Data/2021cohort2/vr/M4_D1_2021-09-27_15-38-26
254,4,2,openfield,Junji/Data/2021cohort2/openfield/M4_D2_2021-09-28_16-02-19
255,4,2,vr,Junji/Data/2021cohort2/vr/M4_D2_2021-09-28_15-24-28
256,4,3,openfield,Junji/Data/2021cohort2/openfield/M4_D3_2021-09-29_16-04-54
257,4,3,vr,Junji/Data/2021cohort2/vr/M4_D3_2021-09-29_15-28-24
258,4,4,openfield,Junji/Data/2021cohort2/openfield/M4_D4_2021-09-30_16-13-38
259,4,4,vr,Junji/Data/2021cohort2/vr/M4_D4_2021-09-30_15-31-43
260,4,5,openfield,Junji/Data/2021cohort2/openfield/M4_D5_2021-10-01_16-12-06
261,4,5,vr,Junji/Data/2021cohort2/vr/M4_D5_2021-10-01_15-35-21
262,4,6,openfield,Junji/Data/2021cohort2/openfield/M4_D6_2021-10-04_16-13-48
263,4,6,vr,Junji/Data/2021cohort2/vr/M4_D6_2021-10-04_15-36-09
264,4,7,openfield,Junji/Data/2021cohort2/openfield/M4_D7_2021-10-05_16-29-18
265,4,7,vr,Junji/Data/2021cohort2/vr/M4_D7_2021-10-05_15-53-05
266,4,8,openfield,Junji/Data/2021cohort2/openfield/M4_D8_2021-10-06_16-16-02
267,4,8,vr,Junji/Data/2021cohort2/vr/M4_D8_2021-10-06_15-39-29
268,4,9,openfield,Junji/Data/2021cohort2/openfield/M4_D9_2021-10-07_16-14-36
269,4,9,vr,Junji/Data/2021cohort2/vr/M4_D9_2021-10-07_15-38-50
270,4,10,openfield,Junji/Data/2021cohort2/openfield/M4_D10_2021-10-08_16-15-18
271,4,10,vr,Junji/Data/2021cohort2/vr/M4_D10_2021-10-08_15-39-50
272,4,11,openfield,Junji/Data/2021cohort2/openfield/M4_D11_2021-10-11_16-22-00
273,4,11,vr,Junji/Data/2021cohort2/vr/M4_D11_2021-10-11_15-43-45
274,4,12,openfield,Junji/Data/2021cohort2/openfield/M4_D12_2021-10-12_16-18-41
275,4,12,vr,Junji/Data/2021cohort2/vr/M4_D12_2021-10-12_15-43-11
276,4,13,openfield,Junji/Data/2021cohort2/openfield/M4_D13_2021-10-13_15-50-19
277,4,13,vr,Junji/Data/2021cohort2/vr/M4_D13_2021-10-13_15-16-07
278,4,14,openfield,Junji/Data/2021cohort2/openfield/M4_D14_2021-10-14_15-45-51
279,4,14,vr,Junji/Data/2021cohort2/vr/M4_D14_2021-10-14_15-11-19
280,4,15,openfield,Junji/Data/2021cohort2/openfield/M4_D15_2021-10-15_15-41-17
281,4,15,vr,Junji/Data/2021cohort2/vr/M4_D15_2021-10-15_15-07-08
282,4,16,openfield,Junji/Data/2021cohort2/openfield/M4_D16_2021-10-19_15-52-59
283,4,16,vr,Junji/Data/2021cohort2/vr/M4_D16_2021-10-19_15-17-49
284,4,17,openfield,Junji/Data/2021cohort2/openfield/M4_D17_2021-10-20_15-42-52
285,4,17,vr,Junji/Data/2021cohort2/vr/M4_D17_2021-10-20_15-06-54
286,4,18,openfield,Junji/Data/2021cohort2/openfield/M4_D18_2021-10-21_15-34-53
287,4,18,vr,Junji/Data/2021cohort2/vr/M4_D18_2021-10-21_14-59-39
288,4,19,openfield,Junji/Data/2021cohort2/openfield/M4_D19_2021-10-22_14-41-48
289,4,19,vr,Junji/Data/2021cohort2/vr/M4_D19_2021-10-22_14-07-04
290,4,20,openfield,Junji/Data/2021cohort2/openfield/M4_D20_2021-10-27_14-58-19
291,4,20,vr,Junji/Data/2021cohort2/vr/M4_D20_2021-10-27_14-23-22
292,4,21,openfield,Junji/Data/2021cohort2/openfield/M4_D21_2021-10-28_15-42-18
293,4,21,vr,Junji/Data/2021cohort2/vr/M4_D21_2021-10-28_15-06-18
294,4,22,openfield,Junji/Data/2021cohort2/openfield/M4_D22_2021-10-29_16-22-29
295,4,22,vr,Junji/Data/2021cohort2/vr/M4_D22_2021-10-29_15-46-59
296,4,23,openfield,Junji/Data/2021cohort2/openfield/M4_D23_2021-11-01_16-01-46
297,4,23,vr,Junji/Data/2021cohort2/vr/M4_D23_2021-11-01_15-24-04
298,4,24,openfield,Junji/Data/2021cohort2/openfield/M4_D24_2021-11-02_16-34-31
299,4,24,vr,Junji/Data/2021cohort2/vr/M4_D24_2021-11-02_15-59-31
300,4,25,openfield,Junji/Data/2021cohort2/openfield/M4_D25_2021-11-03_16-29-27
301,4,25,vr,Junji/Data/2021cohort2/vr/M4_D25_2021-11-03_15-54-36
302,4,26,openfield,Junji/Data/2021cohort2/openfield/M4_D26_2021-11-04_16-33-53
303,4,26,vr,Junji/Data/2021cohort2/vr/M4_D26_2021-11-04_15-56-32
304,4,27,openfield,Junji/Data/2021cohort2/openfield/M4_D27_2021-11-05_16-16-31
305,4,27,vr,Junji/Data/2021cohort2/vr/M4_D27_2021-11-05_15-42-05
306,4,28,openfield,Junji/Data/2021cohort2/openfield/M4_D28_2021-11-08_16-55-18
307,4,28,vr,Junji/Data/2021cohort2/vr/M4_D28_2021-11-08_16-19-01
308,4,29,openfield,Junji/Data/2021cohort2/openfield/M4_D29_2021-11-15_15-46-28
309,4,29,vr,Junji/Data/2021cohort2/vr/M4_D29_2021-11-15_15-12-11
310,4,30,openfield,Junji/Data/2021cohort2/openfield/M4_D30_2021-11-16_15-40-56
311,4,30,vr,Junji/Data/2021cohort2/vr/M4_D30_2021-11-16_15-04-40
312,4,31,openfield,Junji/Data/2021cohort2/openfield/M4_D31_2021-11-17_16-59-33
313,4,31,vr,Junji/Data/2021cohort2/vr/M4_D31_2021-11-17_16-23-44
314,4,32,openfield,Junji/Data/2021cohort2/openfield/M4_D32_2021-11-18_15-56-08
315,4,32,vr,Junji/Data/2021cohort2/vr/M4_D32_2021-11-18_15-20-28
316,4,33,openfield,Junji/Data/2021cohort2/openfield/M4_D33_2021-11-19_16-37-07
317,4,33,vr,Junji/Data/2021cohort2/vr/M4_D33_2021-11-19_16-01-53
318,4,34,openfield,Junji/Data/2021cohort2/openfield/M4_D34_2021-11-22_16-55-26
319,4,34,vr,Junji/Data/2021cohort2/vr/M4_D34_2021-11-22_16-18-21
320,4,35,openfield,Junji/Data/2021cohort2/openfield/M4_D35_2021-11-23_18-01-35
321,4,35,vr,Junji/Data/2021cohort2/vr/M4_D35_2021-11-23_17-24-28
322,4,36,openfield,Junji/Data/2021cohort2/openfield/M4_D36_2021-11-24_18-22-25
323,4,36,vr,Junji/Data/2021cohort2/vr/M4_D36_2021-11-24_17-47-06
324,4,37,openfield,Junji/Data/2021cohort2/openfield/M4_D37_2021-11-25_17-29-28
325,4,37,vr,Junji/Data/2021cohort2/vr/M4_D37_2021-11-25_16-53-43
326,4,38,openfield,Junji/Data/2021cohort2/openfield/M4_D38_2021-11-26_17-31-56
327,4,38,vr,Junji/Data/2021cohort2/vr/M4_D38_2021-11-26_16-56-21
328,4,39,openfield,Junji/Data/2021cohort2/openfield/M4_D39_2021-11-29_16-25-57
329,4,39,vr,Junji/Data/2021cohort2/vr/M4_D39_2021-11-29_15-50-16
330,4,40,openfield,Junji/Data/2021cohort2/openfield/M4_D40_2021-11-30_17-06-06
331,4,40,vr,Junji/Data/2021cohort2/vr/M4_D40_2021-11-30_16-30-41
332,4,41,openfield,Junji/Data/2021cohort2/openfield/M4_D41_2021-12-01_16-27-24
333,4,41,vr,Junji/Data/2021cohort2/vr/M4_D41_2021-12-01_15-50-52
334,4,42,openfield,Junji/Data/2021cohort2/openfield/M4_D42_2021-12-02_17-52-48
335,4,42,vr,Junji/Data/2021cohort2/vr/M4_D42_2021-12-02_17-18-10
336,4,43,openfield,Junji/Data/2021cohort2/openfield/M4_D43_2021-12-03_17-15-04
337,4,43,vr,Junji/Data/2021cohort2/vr/M4_D43_2021-12-03_16-39-35
338,4,44,openfield,Junji/Data/2021cohort2/openfield/M4_D44_2021-12-06_16-43-28
339,4,44,vr,Junji/Data/2021cohort2/vr/M4_D44_2021-12-06_16-08-18
340,4,45,openfield,Junji/Data/2021cohort2/openfield/M4_D45_2021-12-07_16-38-54
341,4,45,vr,Junji/Data/2021cohort2/vr/M4_D45_2021-12-07_16-02-53
342,4,46,openfield,Junji/Data/2021cohort2/openfield/M4_D46_2021-12-08_15-51-05
343,4,46,vr,Junji/Data/2021cohort2/vr/M4_D46_2021-12-08_15-15-10
344,4,47,openfield,Junji/Data/2021cohort2/openfield/M4_D47_2021-12-09_15-37-47
345,4,48,openfield,Junji/Data/2021cohort2/openfield/M4_D48_2021-12-10_16-14-34
346,4,48,vr,Junji/Data/2021cohort2/vr/M4_D48_2021-12-10_15-38-50
347,5,1,openfield,Junji/Data/2021cohort2/openfield/M5_D1_2021-09-27_16-51-49
348,5,1,vr,Junji/Data/2021cohort2/vr/M5_D1_2021-09-27_16-14-12
349,5,2,openfield,Junji/Data/2021cohort2/openfield/M5_D2_2021-09-28_16-40-50
350,5,2,vr,Junji/Data/2021cohort2/vr/M5_D2_2021-09-28_16-04-22
351,5,3,openfield,Junji/Data/2021cohort2/openfield/M5_D3_2021-09-29_16-40-26
352,5,3,vr,Junji/Data/2021cohort2/vr/M5_D3_2021-09-29_16-01-41
353,5,4,openfield,Junji/Data/2021cohort2/openfield/M5_D4_2021-09-30_16-46-08
354,5,4,vr,Junji/Data/2021cohort2/vr/M5_D4_2021-09-30_16-05-00
355,5,5,openfield,Junji/Data/2021cohort2/openfield/M5_D5_2021-10-01_16-45-11
356,5,5,vr,Junji/Data/2021cohort2/vr/M5_D5_2021-10-01_16-08-26
357,5,6,openfield,Junji/Data/2021cohort2/openfield/M5_D6_2021-10-04_16-53-42
358,5,6,vr,Junji/Data/2021cohort2/vr/M5_D6_2021-10-04_16-11-07
359,5,7,openfield,Junji/Data/2021cohort2/openfield/M5_D7_2021-10-05_17-02-56
360,5,7,vr,Junji/Data/2021cohort2/vr/M5_D7_2021-10-05_16-27-02
361,5,8,openfield,Junji/Data/2021cohort2/openfield/M5_D8_2021-10-06_16-48-09
362,5,8,vr,Junji/Data/2021cohort2/vr/M5_D8_2021-10-06_16-12-26
363,5,9,openfield,Junji/Data/2021cohort2/openfield/M5_D9_2021-10-07_16-49-08
364,5,9,vr,Junji/Data/2021cohort2/vr/M5_D9_2021-10-07_16-12-08
365,5,10,openfield,Junji/Data/2021cohort2/openfield/M5_D10_2021-10-08_16-50-20
366,5,10,vr,Junji/Data/2021cohort2/vr/M5_D10_2021-10-08_16-12-08
367,5,11,openfield,Junji/Data/2021cohort2/openfield/M5_D11_2021-10-11_17-06-56
368,5,11,vr,Junji/Data/2021cohort2/vr/M5_D11_2021-10-11_16-32-49
369,5,12,openfield,Junji/Data/2021cohort2/openfield/M5_D12_2021-10-12_16-51-33
370,5,12,vr,Junji/Data/2021cohort2/vr/M5_D12_2021-10-12_16-16-26
371,5,13,vr,Junji/Data/2021cohort2/vr/M5_D13_2021-10-13_17-03-57
372,5,14,openfield,Junji/Data/2021cohort2/openfield/M5_D14_2021-10-14_17-25-34
373,5,14,vr,Junji/Data/2021cohort2/vr/M5_D14_2021-10-14_16-50-01
374,5,15,openfield,Junji/Data/2021cohort2/openfield/M5_D15_2021-10-15_17-20-35
375,5,15,vr,Junji/Data/2021cohort2/vr/M5_D15_2021-10-15_16-46-09
376,5,16,openfield,Junji/Data/2021cohort2/openfield/M5_D16_2021-10-19_17-36-46
377,5,16,vr,Junji/Data/2021cohort2/vr/M5_D16_2021-10-19_17-01-57
378,5,17,openfield,Junji/Data/2021cohort2/openfield/M5_D17_2021-10-20_17-22-25
379,5,17,vr,Junji/Data/2021cohort2/vr/M5_D17_2021-10-20_16-47-22
380,5,18,openfield,Junji/Data/2021cohort2/openfield/M5_D18_2021-10-21_17-21-34
381,5,18,vr,Junji/Data/2021cohort2/vr/M5_D18_2021-10-21_16-48-53
382,5,19,openfield,Junji/Data/2021cohort2/openfield/M5_D19_2021-10-22_16-21-18
383,5,19,vr,Junji/Data/2021cohort2/vr/M5_D19_2021-10-22_15-46-56
384,5,20,openfield,Junji/Data/2021cohort2/openfield/M5_D20_2021-10-27_16-38-55
385,5,20,vr,Junji/Data/2021cohort2/vr/M5_D20_2021-10-27_16-03-01
386,5,21,openfield,Junji/Data/2021cohort2/openfield/M5_D21_2021-10-28_17-21-42
387,5,21,vr,Junji/Data/2021cohort2/vr/M5_D21_2021-10-28_16-47-04
388,5,22,openfield,Junji/Data/2021cohort2/openfield/M5_D22_2021-10-29_17-00-29
389,5,22,vr,Junji/Data/2021cohort2/vr/M5_D22_2021-10-29_16-20-17
390,5,23,openfield,Junji/Data/2021cohort2/openfield/M5_D23_2021-11-01_16-33-47
391,5,23,vr,Junji/Data/2021cohort2/vr/M5_D23_2021-11-01_15-58-00
392,5,24,openfield,Junji/Data/2021cohort2/openfield/M5_D24_2021-11-02_17-08-33
393,5,24,vr,Junji/Data/2021cohort2/vr/M5_D24_2021-11-02_16-32-16
394,5,25,openfield,Junji/Data/2021cohort2/openfield/M5_D25_2021-11-03_17-03-20
395,5,25,vr,Junji/Data/2021cohort2/vr/M5_D25_2021-11-03_16-27-16
396,5,26,openfield,Junji/Data/2021cohort2/openfield/M5_D26_2021-11-04_17-11-05
397,5,26,vr,Junji/Data/2021cohort2/vr/M5_D26_2021-11-04_16-31-11
398,5,27,openfield,Junji/Data/2021cohort2/openfield/M5_D27_2021-11-05_17-22-36
399,5,27,vr,Junji/Data/2021cohort2/vr/M5_D27_2021-11-05_16-47-12
400,5,28,openfield,Junji/Data/2021cohort2/openfield/M5_D28_2021-11-08_16-22-31
401,5,28,vr,Junji/Data/2021cohort2/vr/M5_D28_2021-11-08_15-45-07
402,5,29,openfield,Junji/Data/2021cohort2/openfield/M5_D29_2021-11-15_16-20-03
403,5,29,vr,Junji/Data/2021cohort2/vr/M5_D29_2021-11-15_15-44-52
404,5,30,openfield,Junji/Data/2021cohort2/openfield/M5_D30_2021-11-16_16-15-36
405,5,30,vr,Junji/Data/2021cohort2/vr/M5_D30_2021-11-16_15-38-32
406,5,31,openfield,Junji/Data/2021cohort2/openfield/M5_D31_2021-11-17_17-31-42
407,5,31,vr,Junji/Data/2021cohort2/vr/M5_D31_2021-11-17_16-56-33
408,5,32,openfield,Junji/Data/2021cohort2/openfield/M5_D32_2021-11-18_16-28-48
409,5,32,vr,Junji/Data/2021cohort2/vr/M5_D32_2021-11-18_15-53-28
410,5,33,openfield,Junji/Data/2021cohort2/openfield/M5_D33_2021-11-19_17-11-54
411,5,33,vr,Junji/Data/2021cohort2/vr/M5_D33_2021-11-19_16-35-17
412,5,34,openfield,Junji/Data/2021cohort2/openfield/M5_D34_2021-11-22_17-33-50
413,5,34,vr,Junji/Data/2021cohort2/vr/M5_D34_2021-11-22_16-52-01
414,5,35,openfield,Junji/Data/2021cohort2/openfield/M5_D35_2021-11-23_18-34-32
415,5,35,vr,Junji/Data/2021cohort2/vr/M5_D35_2021-11-23_17-58-33
416,5,36,openfield,Junji/Data/2021cohort2/openfield/M5_D36_2021-11-24_16-58-21
417,5,36,vr,Junji/Data/2021cohort2/vr/M5_D36_2021-11-24_16-23-41
418,5,37,openfield,Junji/Data/2021cohort2/openfield/M5_D37_2021-11-25_16-21-46
419,5,37,vr,Junji/Data/2021cohort2/vr/M5_D37_2021-11-25_15-44-04
420,5,38,openfield,Junji/Data/2021cohort2/openfield/M5_D38_2021-11-26_16-26-00
421,5,38,vr,Junji/Data/2021cohort2/vr/M5_D38_2021-11-26_15-47-41
422,5,39,openfield,Junji/Data/2021cohort2/openfield/M5_D39_2021-11-29_15-19-49
423,5,39,vr,Junji/Data/2021cohort2/vr/M5_D39_2021-11-29_14-42-36
424,5,40,openfield,Junji/Data/2021cohort2/openfield/M5_D40_2021-11-30_16-00-39
425,5,40,vr,Junji/Data/2021cohort2/vr/M5_D40_2021-11-30_15-23-21
426,5,41,openfield,Junji/Data/2021cohort2/openfield/M5_D41_2021-12-01_15-19-32
427,5,41,vr,Junji/Data/2021cohort2/vr/M5_D41_2021-12-01_14-43-48
428,5,42,openfield,Junji/Data/2021cohort2/openfield/M5_D42_2021-12-02_16-47-28
429,5,42,vr,Junji/Data/2021cohort2/vr/M5_D42_2021-12-02_16-09-09
430,5,43,openfield,Junji/Data/2021cohort2/openfield/M5_D43_2021-12-03_17-52-32
431,5,43,vr,Junji/Data/2021cohort2/vr/M5_D43_2021-12-03_17-12-39
432,5,44,openfield,Junji/Data/2021cohort2/openfield/M5_D44_2021-12-06_17-19-42
433,5,44,vr,Junji/Data/2021cohort2/vr/M5_D44_2021-12-06_16-41-08
434,5,45,openfield,Junji/Data/2021cohort2/openfield/M5_D45_2021-12-07_17-16-56
435,5,45,vr,Junji/Data/2021cohort2/vr/M5_D45_2021-12-07_16-35-54
436,5,46,openfield,Junji/Data/2021cohort2/openfield/M5_D46_2021-12-08_16-26-16
437,5,46,vr,Junji/Data/2021cohort2/vr/M5_D46_2021-12-08_15-48-45
438,5,47,openfield,Junji/Data/2021cohort2/openfield/M5_D47_2021-12-09_16-13-16
439,5,47,vr,Junji/Data/2021cohort2/vr/M5_D47_2021-12-09_15-35-05
440,5,48,openfield,Junji/Data/2021cohort2/openfield/M5_D48_2021-12-10_16-47-40
441,5,48,vr,Junji/Data/2021cohort2/vr/M5_D48_2021-12-10_16-12-03
442,6,1,openfield,Junji/Data/2021cohort2/openfield/M6_D1_2021-09-27_17-24-48
443,6,1,vr,Junji/Data/2021cohort2/vr/M6_D1_2021-09-27_16-48-21
444,6,2,openfield,Junji/Data/2021cohort2/openfield/M6_D2_2021-09-28_17-12-58
445,6,2,vr,Junji/Data/2021cohort2/vr/M6_D2_2021-09-28_16-38-48
446,6,3,openfield,Junji/Data/2021cohort2/openfield/M6_D3_2021-09-29_17-12-54
447,6,3,vr,Junji/Data/2021cohort2/vr/M6_D3_2021-09-29_16-38-13
448,6,4,openfield,Junji/Data/2021cohort2/openfield/M6_D4_2021-09-30_17-18-32
449,6,4,vr,Junji/Data/2021cohort2/vr/M6_D4_2021-09-30_16-39-24
450,6,6,openfield,Junji/Data/2021cohort2/openfield/M6_D6_2021-10-04_17-26-06
451,6,6,vr,Junji/Data/2021cohort2/vr/M6_D6_2021-10-04_16-44-41
452,6,7,openfield,Junji/Data/2021cohort2/openfield/M6_D7_2021-10-05_17-35-05
453,6,7,vr,Junji/Data/2021cohort2/vr/M6_D7_2021-10-05_17-00-11
454,6,8,openfield,Junji/Data/2021cohort2/openfield/M6_D8_2021-10-06_17-20-25
455,6,8,vr,Junji/Data/2021cohort2/vr/M6_D8_2021-10-06_16-45-08
456,6,9,openfield,Junji/Data/2021cohort2/openfield/M6_D9_2021-10-07_17-21-00
457,6,9,vr,Junji/Data/2021cohort2/vr/M6_D9_2021-10-07_16-46-36
458,6,10,openfield,Junji/Data/2021cohort2/openfield/M6_D10_2021-10-08_17-23-38
459,6,10,vr,Junji/Data/2021cohort2/vr/M6_D10_2021-10-08_16-48-07
460,6,11,openfield,Junji/Data/2021cohort2/openfield/M6_D11_2021-10-11_17-38-55
461,6,11,vr,Junji/Data/2021cohort2/vr/M6_D11_2021-10-11_17-05-00
462,6,12,openfield,Junji/Data/2021cohort2/openfield/M6_D12_2021-10-12_17-23-38
463,6,12,vr,Junji/Data/2021cohort2/vr/M6_D12_2021-10-12_16-49-01
464,6,13,openfield,Junji/Data/2021cohort2/openfield/M6_D13_2021-10-13_17-00-43
465,6,13,vr,Junji/Data/2021cohort2/vr/M6_D13_2021-10-13_16-22-24
466,6,14,openfield,Junji/Data/2021cohort2/openfield/M6_D14_2021-10-14_16-52-54
467,6,14,vr,Junji/Data/2021cohort2/vr/M6_D14_2021-10-14_16-16-41
468,6,15,openfield,Junji/Data/2021cohort2/openfield/M6_D15_2021-10-15_16-48-20
469,6,15,vr,Junji/Data/2021cohort2/vr/M6_D15_2021-10-15_16-12-40
470,6,16,openfield,Junji/Data/2021cohort2/openfield/M6_D16_2021-10-19_17-04-50
471,6,16,vr,Junji/Data/2021cohort2/vr/M6_D16_2021-10-19_16-28-04
472,6,17,openfield,Junji/Data/2021cohort2/openfield/M6_D17_2021-10-20_16-50-27
473,6,17,vr,Junji/Data/2021cohort2/vr/M6_D17_2021-10-20_16-13-35
474,6,18,openfield,Junji/Data/2021cohort2/openfield/M6_D18_2021-10-21_16-43-45
475,6,18,vr,Junji/Data/2021cohort2/vr/M6_D18_2021-10-21_16-07-41
476,6,19,openfield,Junji/Data/2021cohort2/openfield/M6_D19_2021-10-22_15-49-00
477,6,19,vr,Junji/Data/2021cohort2/vr/M6_D19_2021-10-22_15-13-17
478,6,20,openfield,Junji/Data/2021cohort2/openfield/M6_D20_2021-10-27_16-06-37
479,6,20,vr,Junji/Data/2021cohort2/vr/M6_D20_2021-10-27_15-29-50
480,6,21,openfield,Junji/Data/2021cohort2/openfield/M6_D21_2021-10-28_16-49-54
481,6,21,vr,Junji/Data/2021cohort2/vr/M6_D21_2021-10-28_16-13-59
482,6,22,openfield,Junji/Data/2021cohort2/openfield/M6_D22_2021-10-29_17-32-40
483,6,22,vr,Junji/Data/2021cohort2/vr/M6_D22_2021-10-29_16-57-54
484,6,23,openfield,Junji/Data/2021cohort2/openfield/M6_D23_2021-11-01_17-05-42
485,6,23,vr,Junji/Data/2021cohort2/vr/M6_D23_2021-11-01_16-30-48
486,6,24,openfield,Junji/Data/2021cohort2/openfield/M6_D24_2021-11-02_17-40-30
487,6,24,vr,Junji/Data/2021cohort2/vr/M6_D24_2021-11-02_17-06-03
488,6,25,openfield,Junji/Data/2021cohort2/openfield/M6_D25_2021-11-03_17-35-01
489,6,25,vr,Junji/Data/2021cohort2/vr/M6_D25_2021-11-03_17-00-26
490,6,26,openfield,Junji/Data/2021cohort2/openfield/M6_D26_2021-11-04_17-43-15
491,6,26,vr,Junji/Data/2021cohort2/vr/M6_D26_2021-11-04_17-08-28
492,6,27,openfield,Junji/Data/2021cohort2/openfield/M6_D27_2021-11-05_17-54-40
493,6,27,vr,Junji/Data/2021cohort2/vr/M6_D27_2021-11-05_17-19-51
494,6,28,openfield,Junji/Data/2021cohort2/openfield/M6_D28_2021-11-08_17-29-03
495,6,28,vr,Junji/Data/2021cohort2/vr/M6_D28_2021-11-08_16-51-59
496,6,29,openfield,Junji/Data/2021cohort2/openfield/M6_D29_2021-11-15_16-52-22
497,6,29,vr,Junji/Data/2021cohort2/vr/M6_D29_2021-11-15_16-17-46
498,6,30,openfield,Junji/Data/2021cohort2/openfield/M6_D30_2021-11-16_16-47-57
499,6,30,vr,Junji/Data/2021cohort2/vr/M6_D30_2021-11-16_16-12-06
500,6,31,openfield,Junji/Data/2021cohort2/openfield/M6_D31_2021-11-17_18-04-03
501,6,31,vr,Junji/Data/2021cohort2/vr/M6_D31_2021-11-17_17-29-00
502,6,32,openfield,Junji/Data/2021cohort2/openfield/M6_D32_2021-11-18_17-01-33
503,6,32,vr,Junji/Data/2021cohort2/vr/M6_D32_2021-11-18_16-26-19
504,6,33,openfield,Junji/Data/2021cohort2/openfield/M6_D33_2021-11-19_17-44-14
505,6,33,vr,Junji/Data/2021cohort2/vr/M6_D33_2021-11-19_17-07-57
506,6,34,openfield,Junji/Data/2021cohort2/openfield/M6_D34_2021-11-22_18-33-23
507,6,34,vr,Junji/Data/2021cohort2/vr/M6_D34_2021-11-22_17-31-03
508,6,35,openfield,Junji/Data/2021cohort2/openfield/M6_D35_2021-11-23_19-05-54
509,6,35,vr,Junji/Data/2021cohort2/vr/M6_D35_2021-11-23_18-32-02
510,6,36,openfield,Junji/Data/2021cohort2/openfield/M6_D36_2021-11-24_17-49-00
511,6,36,vr,Junji/Data/2021cohort2/vr/M6_D36_2021-11-24_17-13-01
512,6,37,openfield,Junji/Data/2021cohort2/openfield/M6_D37_2021-11-25_16-56-58
513,6,37,vr,Junji/Data/2021cohort2/vr/M6_D37_2021-11-25_16-18-29
514,6,38,openfield,Junji/Data/2021cohort2/openfield/M6_D38_2021-11-26_16-59-37
515,6,38,vr,Junji/Data/2021cohort2/vr/M6_D38_2021-11-26_16-22-26
516,6,39,openfield,Junji/Data/2021cohort2/openfield/M6_D39_2021-11-29_15-53-03
517,6,39,vr,Junji/Data/2021cohort2/vr/M6_D39_2021-11-29_15-16-50
518,6,40,openfield,Junji/Data/2021cohort2/openfield/M6_D40_2021-11-30_16-33-06
519,6,40,vr,Junji/Data/2021cohort2/vr/M6_D40_2021-11-30_15-57-33
520,6,41,openfield,Junji/Data/2021cohort2/openfield/M6_D41_2021-12-01_15-53-11
521,6,41,vr,Junji/Data/2021cohort2/vr/M6_D41_2021-12-01_15-16-54
522,6,42,openfield,Junji/Data/2021cohort2/openfield/M6_D42_2021-12-02_17-20-43
523,6,42,vr,Junji/Data/2021cohort2/vr/M6_D42_2021-12-02_16-44-58
524,6,43,openfield,Junji/Data/2021cohort2/openfield/M6_D43_2021-12-03_18-25-42
525,6,43,vr,Junji/Data/2021cohort2/vr/M6_D43_2021-12-03_17-49-54
526,6,44,openfield,Junji/Data/2021cohort2/openfield/M6_D44_2021-12-06_17-52-01
527,6,44,vr,Junji/Data/2021cohort2/vr/M6_D44_2021-12-06_17-16-46
528,6,45,openfield,Junji/Data/2021cohort2/openfield/M6_D45_2021-12-07_17-49-20
529,6,45,vr,Junji/Data/2021cohort2/vr/M6_D45_2021-12-07_17-14-02
530,6,46,openfield,Junji/Data/2021cohort2/openfield/M6_D46_2021-12-08_16-59-42
531,6,46,vr,Junji/Data/2021cohort2/vr/M6_D46_2021-12-08_16-23-50
532,6,47,openfield,Junji/Data/2021cohort2/openfield/M6_D47_2021-12-09_16-55-25
533,6,47,vr,Junji/Data/2021cohort2/vr/M6_D47_2021-12-09_16-10-18
534,6,48,openfield,Junji/Data/2021cohort2/openfield/M6_D48_2021-12-10_17-20-03
535,6,48,vr,Junji/Data/2021cohort2/vr/M6_D48_2021-12-10_16-45-25
536,7,1,openfield,Junji/Data/2022cohort1/openfield/M7_D1_2022-07-18_15-39-56
537,7,1,vr,Junji/Data/2022cohort1/vr/M7_D1_2022-07-18_15-02-59
538,7,2,openfield,Junji/Data/2022cohort1/openfield/M7_D2_2022-07-19_11-36-43
539,7,2,vr,Junji/Data/2022cohort1/vr/M7_D2_2022-07-19_11-01-29
540,7,3,openfield,Junji/Data/2022cohort1/openfield/M7_D3_2022-07-20_12-14-22
541,7,3,vr,Junji/Data/2022cohort1/vr/M7_D3_2022-07-20_11-28-54
542,7,4,openfield,Junji/Data/2022cohort1/openfield/M7_D4_2022-07-22_12-48-29
543,7,4,vr,Junji/Data/2022cohort1/vr/M7_D4_2022-07-22_12-14-16
544,7,5,openfield,Junji/Data/2022cohort1/openfield/M7_D5_2022-07-26_12-49-10
545,7,5,vr,Junji/Data/2022cohort1/vr/M7_D5_2022-07-26_12-13-47
546,7,6,openfield,Junji/Data/2022cohort1/openfield/M7_D6_2022-07-27_12-53-35
547,7,6,vr,Junji/Data/2022cohort1/vr/M7_D6_2022-07-27_12-18-42
548,7,7,openfield,Junji/Data/2022cohort1/openfield/M7_D7_2022-07-28_13-00-26
549,7,7,vr,Junji/Data/2022cohort1/vr/M7_D7_2022-07-28_12-25-37
550,7,8,openfield,Junji/Data/2022cohort1/openfield/M7_D8_2022-07-29_12-59-33
551,7,8,vr,Junji/Data/2022cohort1/vr/M7_D8_2022-07-29_12-25-04
552,7,9,openfield,Junji/Data/2022cohort1/openfield/M7_D9_2022-08-01_13-05-19
553,7,9,vr,Junji/Data/2022cohort1/vr/M7_D9_2022-08-01_12-29-44
554,7,10,openfield,Junji/Data/2022cohort1/openfield/M7_D10_2022-08-02_12-43-09
555,7,10,vr,Junji/Data/2022cohort1/vr/M7_D10_2022-08-02_12-09-07
556,7,11,openfield,Junji/Data/2022cohort1/openfield/M7_D11_2022-08-03_12-59-16
557,7,11,vr,Junji/Data/2022cohort1/vr/M7_D11_2022-08-03_12-25-26
558,7,12,openfield,Junji/Data/2022cohort1/openfield/M7_D12_2022-08-04_15-01-47
559,7,12,vr,Junji/Data/2022cohort1/vr/M7_D12_2022-08-04_14-27-53
560,7,13,openfield,Junji/Data/2022cohort1/openfield/M7_D13_2022-08-05_13-28-04
561,7,13,vr,Junji/Data/2022cohort1/vr/M7_D13_2022-08-05_12-52-41
562,7,14,openfield,Junji/Data/2022cohort1/openfield/M7_D14_2022-08-08_15-54-16
563,7,14,vr,Junji/Data/2022cohort1/vr/M7_D14_2022-08-08_15-20-10
564,7,15,openfield,Junji/Data/2022cohort1/openfield/M7_D15_2022-08-09_16-54-01
565,7,15,vr,Junji/Data/2022cohort1/vr/M7_D15_2022-08-09_16-20-03
566,7,16,openfield,Junji/Data/2022cohort1/openfield/M7_D16_2022-08-10_15-25-25
567,7,16,vr,Junji/Data/2022cohort1/vr/M7_D16_2022-08-10_14-43-25
568,7,17,openfield,Junji/Data/2022cohort1/openfield/M7_D17_2022-08-11_16-21-07
569,7,17,vr,Junji/Data/2022cohort1/vr/M7_D17_2022-08-11_15-47-09
570,7,18,openfield,Junji/Data/2022cohort1/openfield/M7_D18_2022-08-12_15-50-54
571,7,18,vr,Junji/Data/2022cohort1/vr/M7_D18_2022-08-12_15-17-51
572,7,19,openfield,Junji/Data/2022cohort1/openfield/M7_D19_2022-08-15_15-35-00
573,7,19,vr,Junji/Data/2022cohort1/vr/M7_D19_2022-08-15_14-59-15
574,7,20,openfield,Junji/Data/2022cohort1/openfield/M7_D20_2022-08-16_15-36-01
575,7,20,vr,Junji/Data/2022cohort1/vr/M7_D20_2022-08-16_15-00-35
576,7,21,openfield,Junji/Data/2022cohort1/openfield/M7_D21_2022-08-17_15-42-24
577,7,21,vr,Junji/Data/2022cohort1/vr/M7_D21_2022-08-17_15-06-58
578,7,22,openfield,Junji/Data/2022cohort1/openfield/M7_D22_2022-08-18_16-12-12
579,7,22,vr,Junji/Data/2022cohort1/vr/M7_D22_2022-08-18_15-38-33
580,7,23,openfield,Junji/Data/2022cohort1/openfield/M7_D23_2022-08-19_14-44-53
581,7,23,vr,Junji/Data/2022cohort1/vr/M7_D23_2022-08-19_14-10-42
582,7,24,openfield,Junji/Data/2022cohort1/openfield/M7_D24_2022-08-22_15-23-48
583,7,24,vr,Junji/Data/2022cohort1/vr/M7_D24_2022-08-22_14-50-01
584,7,25,openfield,Junji/Data/2022cohort1/openfield/M7_D25_2022-08-23_15-32-55
585,7,25,vr,Junji/Data/2022cohort1/vr/M7_D25_2022-08-23_14-58-56
586,7,26,openfield,Junji/Data/2022cohort1/openfield/M7_D26_2022-08-24_15-53-28
587,7,26,vr,Junji/Data/2022cohort1/vr/M7_D26_2022-08-24_15-19-04
588,7,27,openfield,Junji/Data/2022cohort1/openfield/M7_D27_2022-08-25_15-40-01
589,7,27,vr,Junji/Data/2022cohort1/vr/M7_D27_2022-08-25_15-04-26
590,7,28,openfield,Junji/Data/2022cohort1/openfield/M7_D28_2022-08-26_15-08-47
591,7,28,vr,Junji/Data/2022cohort1/vr/M7_D28_2022-08-26_14-34-55
592,7,29,openfield,Junji/Data/2022cohort1/openfield/M7_D29_2022-08-29_16-23-25
593,7,29,vr,Junji/Data/2022cohort1/vr/M7_D29_2022-08-29_15-48-55
594,7,30,openfield,Junji/Data/2022cohort1/openfield/M7_D30_2022-08-30_16-21-24
595,7,30,vr,Junji/Data/2022cohort1/vr/M7_D30_2022-08-30_15-46-00
596,7,31,openfield,Junji/Data/2022cohort1/openfield/M7_D31_2022-08-31_16-43-38
597,7,31,vr,Junji/Data/2022cohort1/vr/M7_D31_2022-08-31_16-10-02
598,7,32,openfield,Junji/Data/2022cohort1/openfield/M7_D32_2022-09-01_16-38-19
599,7,32,vr,Junji/Data/2022cohort1/vr/M7_D32_2022-09-01_16-03-53
600,7,33,openfield,Junji/Data/2022cohort1/openfield/M7_D33_2022-09-02_19-03-57
601,7,33,vr,Junji/Data/2022cohort1/vr/M7_D33_2022-09-02_18-30-06
602,7,34,openfield,Junji/Data/2022cohort1/openfield/M7_D34_2022-09-05_15-06-38
603,7,34,vr,Junji/Data/2022cohort1/vr/M7_D34_2022-09-05_14-32-16
604,7,35,openfield,Junji/Data/2022cohort1/openfield/M7_D35_2022-09-06_14-56-34
605,7,35,vr,Junji/Data/2022cohort1/vr/M7_D35_2022-09-06_14-21-36
606,7,36,openfield,Junji/Data/2022cohort1/openfield/M7_D36_2022-09-11_16-05-23
607,7,36,vr,Junji/Data/2022cohort1/vr/M7_D36_2022-09-11_15-31-29
608,7,37,openfield,Junji/Data/2022cohort1/openfield/M7_D37_2022-09-13_15-37-57
609,7,37,vr,Junji/Data/2022cohort1/vr/M7_D37_2022-09-13_15-03-29
610,7,38,openfield,Junji/Data/2022cohort1/openfield/M7_D38_2022-09-14_15-54-24
611,7,38,vr,Junji/Data/2022cohort1/vr/M7_D38_2022-09-14_15-19-08
612,8,1,openfield,Junji/Data/2022cohort1/openfield/M8_D1_2022-07-18_16-14-02
613,8,1,vr,Junji/Data/2022cohort1/vr/M8_D1_2022-07-18_15-37-10
614,8,2,openfield,Junji/Data/2022cohort1/openfield/M8_D2_2022-07-19_12-12-09
615,8,2,vr,Junji/Data/2022cohort1/vr/M8_D2_2022-07-19_11-35-37
616,8,3,openfield,Junji/Data/2022cohort1/openfield/M8_D3_2022-07-20_12-46-33
617,8,3,vr,Junji/Data/2022cohort1/vr/M8_D3_2022-07-20_12-03-05
618,8,4,openfield,Junji/Data/2022cohort1/openfield/M8_D4_2022-07-22_13-23-11
619,8,4,vr,Junji/Data/2022cohort1/vr/M8_D4_2022-07-22_12-47-18
620,8,5,openfield,Junji/Data/2022cohort1/openfield/M8_D5_2022-07-26_13-24-36
621,8,5,vr,Junji/Data/2022cohort1/vr/M8_D5_2022-07-26_12-47-41
622,8,6,openfield,Junji/Data/2022cohort1/openfield/M8_D6_2022-07-27_13-28-37
623,8,6,vr,Junji/Data/2022cohort1/vr/M8_D6_2022-07-27_12-51-43
624,8,7,openfield,Junji/Data/2022cohort1/openfield/M8_D7_2022-07-28_13-35-06
625,8,7,vr,Junji/Data/2022cohort1/vr/M8_D7_2022-07-28_12-58-56
626,8,8,openfield,Junji/Data/2022cohort1/openfield/M8_D8_2022-07-29_13-33-55
627,8,8,vr,Junji/Data/2022cohort1/vr/M8_D8_2022-07-29_12-57-42
628,8,9,openfield,Junji/Data/2022cohort1/openfield/M8_D9_2022-08-01_13-39-01
629,8,9,vr,Junji/Data/2022cohort1/vr/M8_D9_2022-08-01_13-03-40
630,8,10,vr,Junji/Data/2022cohort1/vr/M8_D10_2022-08-02_12-42-05
631,8,11,openfield,Junji/Data/2022cohort1/openfield/M8_D11_2022-08-03_13-33-04
632,8,11,vr,Junji/Data/2022cohort1/vr/M8_D11_2022-08-03_12-57-55
633,8,12,openfield,Junji/Data/2022cohort1/openfield/M8_D12_2022-08-04_15-36-14
634,8,12,vr,Junji/Data/2022cohort1/vr/M8_D12_2022-08-04_15-00-34
635,8,13,openfield,Junji/Data/2022cohort1/openfield/M8_D13_2022-08-05_14-00-32
636,8,13,vr,Junji/Data/2022cohort1/vr/M8_D13_2022-08-05_13-25-49
637,8,14,openfield,Junji/Data/2022cohort1/openfield/M8_D14_2022-08-08_16-27-39
638,8,14,vr,Junji/Data/2022cohort1/vr/M8_D14_2022-08-08_15-52-54
639,8,15,openfield,Junji/Data/2022cohort1/openfield/M8_D15_2022-08-09_17-27-00
640,8,15,vr,Junji/Data/2022cohort1/vr/M8_D15_2022-08-09_16-52-41
641,8,16,vr,Junji/Data/2022cohort1/vr/M8_D16_2022-08-10_15-15-43
642,8,17,openfield,Junji/Data/2022cohort1/openfield/M8_D17_2022-08-11_16-53-05
643,8,17,vr,Junji/Data/2022cohort1/vr/M8_D17_2022-08-11_16-19-23
644,8,18,openfield,Junji/Data/2022cohort1/openfield/M8_D18_2022-08-12_16-24-07
645,8,18,vr,Junji/Data/2022cohort1/vr/M8_D18_2022-08-12_15-49-34
646,8,19,openfield,Junji/Data/2022cohort1/openfield/M8_D19_2022-08-15_16-07-26
647,8,19,vr,Junji/Data/2022cohort1/vr/M8_D19_2022-08-15_15-33-16
648,8,20,openfield,Junji/Data/2022cohort1/openfield/M8_D20_2022-08-16_16-10-56
649,8,20,vr,Junji/Data/2022cohort1/vr/M8_D20_2022-08-16_15-34-05
650,8,21,openfield,Junji/Data/2022cohort1/openfield/M8_D21_2022-08-17_16-16-57
651,8,21,vr,Junji/Data/2022cohort1/vr/M8_D21_2022-08-17_15-41-04
652,8,22,openfield,Junji/Data/2022cohort1/openfield/M8_D22_2022-08-18_16-45-09
653,8,22,vr,Junji/Data/2022cohort1/vr/M8_D22_2022-08-18_16-10-50
654,8,23,openfield,Junji/Data/2022cohort1/openfield/M8_D23_2022-08-19_15-18-36
655,8,23,vr,Junji/Data/2022cohort1/vr/M8_D23_2022-08-19_14-42-57
656,8,24,openfield,Junji/Data/2022cohort1/openfield/M8_D24_2022-08-22_15-56-58
657,8,24,vr,Junji/Data/2022cohort1/vr/M8_D24_2022-08-22_15-22-30
658,8,25,openfield,Junji/Data/2022cohort1/openfield/M8_D25_2022-08-23_16-05-52
659,8,25,vr,Junji/Data/2022cohort1/vr/M8_D25_2022-08-23_15-31-19
660,8,26,openfield,Junji/Data/2022cohort1/openfield/M8_D26_2022-08-24_16-25-51
661,8,26,vr,Junji/Data/2022cohort1/vr/M8_D26_2022-08-24_15-51-45
662,8,27,openfield,Junji/Data/2022cohort1/openfield/M8_D27_2022-08-25_16-12-31
663,8,27,vr,Junji/Data/2022cohort1/vr/M8_D27_2022-08-25_15-37-43
664,8,28,openfield,Junji/Data/2022cohort1/openfield/M8_D28_2022-08-26_15-42-42
665,8,28,vr,Junji/Data/2022cohort1/vr/M8_D28_2022-08-26_15-07-06
666,8,29,openfield,Junji/Data/2022cohort1/openfield/M8_D29_2022-08-29_16-58-06
667,8,29,vr,Junji/Data/2022cohort1/vr/M8_D29_2022-08-29_16-22-01
668,8,30,openfield,Junji/Data/2022cohort1/openfield/M8_D30_2022-08-30_16-53-17
669,8,30,vr,Junji/Data/2022cohort1/vr/M8_D30_2022-08-30_16-20-26
670,8,31,openfield,Junji/Data/2022cohort1/openfield/M8_D31_2022-08-31_17-15-02
671,8,31,vr,Junji/Data/2022cohort1/vr/M8_D31_2022-08-31_16-41-53
672,8,32,openfield,Junji/Data/2022cohort1/openfield/M8_D32_2022-09-01_17-13-23
673,8,32,vr,Junji/Data/2022cohort1/vr/M8_D32_2022-09-01_16-36-33
674,8,33,openfield,Junji/Data/2022cohort1/openfield/M8_D33_2022-09-02_19-38-30
675,8,33,vr,Junji/Data/2022cohort1/vr/M8_D33_2022-09-02_19-02-34
676,8,34,openfield,Junji/Data/2022cohort1/openfield/M8_D34_2022-09-05_15-40-30
677,8,34,vr,Junji/Data/2022cohort1/vr/M8_D34_2022-09-05_15-05-19
678,8,35,openfield,Junji/Data/2022cohort1/openfield/M8_D35_2022-09-06_15-31-43
679,8,35,vr,Junji/Data/2022cohort1/vr/M8_D35_2022-09-06_14-54-39
680,8,36,openfield,Junji/Data/2022cohort1/openfield/M8_D36_2022-09-11_16-38-10
681,8,36,vr,Junji/Data/2022cohort1/vr/M8_D36_2022-09-11_16-03-42
682,8,37,openfield,Junji/Data/2022cohort1/openfield/M8_D37_2022-09-13_16-10-55
683,8,37,vr,Junji/Data/2022cohort1/vr/M8_D37_2022-09-13_15-36-24
684,8,38,openfield,Junji/Data/2022cohort1/openfield/M8_D38_2022-09-14_16-27-32
685,8,38,vr,Junji/Data/2022cohort1/vr/M8_D38_2022-09-14_15-52-34
686,9,1,openfield,Junji/Data/2022cohort1/openfield/M9_D1_2022-07-18_16-47-35
687,9,1,vr,Junji/Data/2022cohort1/vr/M9_D1_2022-07-18_16-10-51
688,9,2,openfield,Junji/Data/2022cohort1/openfield/M9_D2_2022-07-19_12-47-28
689,9,2,vr,Junji/Data/2022cohort1/vr/M9_D2_2022-07-19_12-09-33
690,9,3,openfield,Junji/Data/2022cohort1/openfield/M9_D3_2022-07-20_13-19-06
691,9,3,vr,Junji/Data/2022cohort1/vr/M9_D3_2022-07-20_12-36-09
692,9,4,openfield,Junji/Data/2022cohort1/openfield/M9_D4_2022-07-22_13-57-26
693,9,4,vr,Junji/Data/2022cohort1/vr/M9_D4_2022-07-22_13-21-24
694,9,5,openfield,Junji/Data/2022cohort1/openfield/M9_D5_2022-07-26_13-57-09
695,9,5,vr,Junji/Data/2022cohort1/vr/M9_D5_2022-07-26_13-21-17
696,9,6,openfield,Junji/Data/2022cohort1/openfield/M9_D6_2022-07-27_14-02-51
697,9,6,vr,Junji/Data/2022cohort1/vr/M9_D6_2022-07-27_13-26-03
698,9,7,openfield,Junji/Data/2022cohort1/openfield/M9_D7_2022-07-28_14-08-27
699,9,7,vr,Junji/Data/2022cohort1/vr/M9_D7_2022-07-28_13-32-26
700,9,8,openfield,Junji/Data/2022cohort1/openfield/M9_D8_2022-07-29_14-06-35
701,9,8,vr,Junji/Data/2022cohort1/vr/M9_D8_2022-07-29_13-31-21
702,9,9,openfield,Junji/Data/2022cohort1/openfield/M9_D9_2022-08-01_14-11-50
703,9,9,vr,Junji/Data/2022cohort1/vr/M9_D9_2022-08-01_13-36-46
704,9,10,openfield,Junji/Data/2022cohort1/openfield/M9_D10_2022-08-02_13-54-53
705,9,10,vr,Junji/Data/2022cohort1/vr/M9_D10_2022-08-02_13-15-32
706,9,11,openfield,Junji/Data/2022cohort1/openfield/M9_D11_2022-08-03_14-05-28
707,9,11,vr,Junji/Data/2022cohort1/vr/M9_D11_2022-08-03_13-30-52
708,9,12,openfield,Junji/Data/2022cohort1/openfield/M9_D12_2022-08-04_16-09-44
709,9,12,vr,Junji/Data/2022cohort1/vr/M9_D12_2022-08-04_15-33-58
710,9,13,openfield,Junji/Data/2022cohort1/openfield/M9_D13_2022-08-05_14-33-51
711,9,13,vr,Junji/Data/2022cohort1/vr/M9_D13_2022-08-05_13-58-31
712,9,14,openfield,Junji/Data/2022cohort1/openfield/M9_D14_2022-08-08_17-07-38
713,9,14,vr,Junji/Data/2022cohort1/vr/M9_D14_2022-08-08_16-25-35
714,9,15,openfield,Junji/Data/2022cohort1/openfield/M9_D15_2022-08-09_18-00-30
715,9,15,vr,Junji/Data/2022cohort1/vr/M9_D15_2022-08-09_17-24-49
716,9,16,vr,Junji/Data/2022cohort1/vr/M9_D16_2022-08-10_15-49-05
717,9,17,openfield,Junji/Data/2022cohort1/openfield/M9_D17_2022-08-11_17-25-23
718,9,17,vr,Junji/Data/2022cohort1/vr/M9_D17_2022-08-11_16-51-33
719,9,18,openfield,Junji/Data/2022cohort1/openfield/M9_D18_2022-08-12_16-55-43
720,9,18,vr,Junji/Data/2022cohort1/vr/M9_D18_2022-08-12_16-21-41
721,9,19,openfield,Junji/Data/2022cohort1/openfield/M9_D19_2022-08-15_16-40-04
722,9,19,vr,Junji/Data/2022cohort1/vr/M9_D19_2022-08-15_16-05-31
723,9,20,openfield,Junji/Data/2022cohort1/openfield/M9_D20_2022-08-16_16-43-52
724,9,20,vr,Junji/Data/2022cohort1/vr/M9_D20_2022-08-16_16-08-44
725,10,1,openfield,Junji/Data/2022cohort1/openfield/M10_D1_2022-07-18_17-19-51
726,10,1,vr,Junji/Data/2022cohort1/vr/M10_D1_2022-07-18_16-44-38
727,10,2,openfield,Junji/Data/2022cohort1/openfield/M10_D2_2022-07-19_13-20-44
728,10,2,vr,Junji/Data/2022cohort1/vr/M10_D2_2022-07-19_12-45-22
729,10,3,openfield,Junji/Data/2022cohort1/openfield/M10_D3_2022-07-20_13-52-16
730,10,3,vr,Junji/Data/2022cohort1/vr/M10_D3_2022-07-20_13-08-56
731,10,4,openfield,Junji/Data/2022cohort1/openfield/M10_D4_2022-07-22_14-29-16
732,10,4,vr,Junji/Data/2022cohort1/vr/M10_D4_2022-07-22_13-55-29
733,10,5,openfield,Junji/Data/2022cohort1/openfield/M10_D5_2022-07-26_14-30-19
734,10,5,vr,Junji/Data/2022cohort1/vr/M10_D5_2022-07-26_13-54-41
735,10,6,openfield,Junji/Data/2022cohort1/openfield/M10_D6_2022-07-27_14-34-26
736,10,6,vr,Junji/Data/2022cohort1/vr/M10_D6_2022-07-27_14-00-31
737,10,7,openfield,Junji/Data/2022cohort1/openfield/M10_D7_2022-07-28_14-40-22
738,10,7,vr,Junji/Data/2022cohort1/vr/M10_D7_2022-07-28_14-06-09
739,10,8,openfield,Junji/Data/2022cohort1/openfield/M10_D8_2022-07-29_14-38-32
740,10,8,vr,Junji/Data/2022cohort1/vr/M10_D8_2022-07-29_14-04-36
741,10,9,openfield,Junji/Data/2022cohort1/openfield/M10_D9_2022-08-01_14-43-22
742,10,9,vr,Junji/Data/2022cohort1/vr/M10_D9_2022-08-01_14-09-21
743,10,10,openfield,Junji/Data/2022cohort1/openfield/M10_D10_2022-08-02_14-23-07
744,10,10,vr,Junji/Data/2022cohort1/vr/M10_D10_2022-08-02_13-49-10
745,10,11,openfield,Junji/Data/2022cohort1/openfield/M10_D11_2022-08-03_14-37-07
746,10,11,vr,Junji/Data/2022cohort1/vr/M10_D11_2022-08-03_14-03-36
747,10,12,openfield,Junji/Data/2022cohort1/openfield/M10_D12_2022-08-04_16-41-39
748,10,12,vr,Junji/Data/2022cohort1/vr/M10_D12_2022-08-04_16-07-17
749,10,13,openfield,Junji/Data/2022cohort1/openfield/M10_D13_2022-08-05_15-05-46
750,10,13,vr,Junji/Data/2022cohort1/vr/M10_D13_2022-08-05_14-31-25
751,10,14,openfield,Junji/Data/2022cohort1/openfield/M10_D14_2022-08-08_17-39-02
752,10,14,vr,Junji/Data/2022cohort1/vr/M10_D14_2022-08-08_17-05-08
753,10,15,openfield,Junji/Data/2022cohort1/openfield/M10_D15_2022-08-09_18-32-04
754,10,15,vr,Junji/Data/2022cohort1/vr/M10_D15_2022-08-09_17-57-44
755,10,16,vr,Junji/Data/2022cohort1/vr/M10_D16_2022-08-10_16-22-08
756,10,17,openfield,Junji/Data/2022cohort1/openfield/M10_D17_2022-08-11_17-56-51
757,10,17,vr,Junji/Data/2022cohort1/vr/M10_D17_2022-08-11_17-23-51
758,10,18,openfield,Junji/Data/2022cohort1/openfield/M10_D18_2022-08-12_17-27-10
759,10,18,vr,Junji/Data/2022cohort1/vr/M10_D18_2022-08-12_16-53-45
760,10,19,openfield,Junji/Data/2022cohort1/openfield/M10_D19_2022-08-15_17-11-57
761,10,19,vr,Junji/Data/2022cohort1/vr/M10_D19_2022-08-15_16-38-05
762,10,20,openfield,Junji/Data/2022cohort1/openfield/M10_D20_2022-08-16_17-15-45
763,10,20,vr,Junji/Data/2022cohort1/vr/M10_D20_2022-08-16_16-42-04
764,10,21,openfield,Junji/Data/2022cohort1/openfield/M10_D21_2022-08-17_16-48-38
765,10,21,vr,Junji/Data/2022cohort1/vr/M10_D21_2022-08-17_16-14-13
766,10,22,openfield,Junji/Data/2022cohort1/openfield/M10_D22_2022-08-18_17-23-45
767,10,22,vr,Junji/Data/2022cohort1/vr/M10_D22_2022-08-18_16-51-08
768,10,23,openfield,Junji/Data/2022cohort1/openfield/M10_D23_2022-08-19_15-50-02
769,10,23,vr,Junji/Data/2022cohort1/vr/M10_D23_2022-08-19_15-16-44
770,10,24,openfield,Junji/Data/2022cohort1/openfield/M10_D24_2022-08-22_16-28-34
771,10,24,vr,Junji/Data/2022cohort1/vr/M10_D24_2022-08-22_15-55-39
772,10,25,openfield,Junji/Data/2022cohort1/openfield/M10_D25_2022-08-23_16-37-17
773,10,25,vr,Junji/Data/2022cohort1/vr/M10_D25_2022-08-23_16-04-01
774,10,26,openfield,Junji/Data/2022cohort1/openfield/M10_D26_2022-08-24_16-57-24
775,10,26,vr,Junji/Data/2022cohort1/vr/M10_D26_2022-08-24_16-24-03
776,10,27,vr,Junji/Data/2022cohort1/vr/M10_D27_2022-08-25_16-16-31
777,10,28,openfield,Junji/Data/2022cohort1/openfield/M10_D28_2022-08-26_16-13-48
778,10,28,vr,Junji/Data/2022cohort1/vr/M10_D28_2022-08-26_15-40-33
779,10,29,vr,Junji/Data/2022cohort1/vr/M10_D29_2022-08-29_16-55-58
780,10,30,vr,Junji/Data/2022cohort1/vr/M10_D30_2022-08-30_16-56-57
781,10,31,vr,Junji/Data/2022cohort1/vr/M10_D31_2022-08-31_17-17-03
782,10,32,vr,Junji/Data/2022cohort1/vr/M10_D32_2022-09-01_17-14-07
783,10,33,openfield,Junji/Data/2022cohort1/openfield/M10_D33_2022-09-02_20-09-34
784,10,33,vr,Junji/Data/2022cohort1/vr/M10_D33_2022-09-02_19-35-38
785,10,34,openfield,Junji/Data/2022cohort1/openfield/M10_D34_2022-09-05_16-16-46
786,10,34,vr,Junji/Data/2022cohort1/vr/M10_D34_2022-09-05_15-44-51
787,10,35,openfield,Junji/Data/2022cohort1/openfield/M10_D35_2022-09-06_16-05-12
788,10,35,vr,Junji/Data/2022cohort1/vr/M10_D35_2022-09-06_15-31-55
789,10,36,openfield,Junji/Data/2022cohort1/openfield/M10_D36_2022-09-11_17-15-47
790,10,36,vr,Junji/Data/2022cohort1/vr/M10_D36_2022-09-11_16-44-07
791,10,37,vr,Junji/Data/2022cohort1/vr/M10_D37_2022-09-12_17-30-44
792,10,38,vr,Junji/Data/2022cohort1/vr/M10_D38_2022-09-13_16-12-19
793,10,39,vr,Junji/Data/2022cohort1/vr/M10_D39_2022-09-14_16-27-49
